<?xml version="1.0" encoding="UTF-8" standalone="yes"?><exportBundle><bundleId>490dc3f5-1bf0-4e48-984f-fb687e8d88b8</bundleId><bundleName>490dc3f5-1bf0-4e48-984f-fb687e8d88b8</bundleName><portals><portal><name>retail-banking-demo-wc3</name><contextItemName>[BBHOST]</contextItemName><createdBy>sys2sys</createdBy><createdTimestamp>2019-03-25T14:27:07+05:30</createdTimestamp><lastModifiedBy>admin</lastModifiedBy><lastModifiedTimestamp>2020-07-12T00:14:24+05:30</lastModifiedTimestamp><hidden>false</hidden><tags/><uuid>d0c957e9-36fc-4e03-b18d-79c85894c761</uuid><lockState>UNLOCKED</lockState><properties><property name="ErrorPage" manageable="true" type="string"><value type="string">retail-banking-demo-wc3/error</value></property><property name="Description" manageable="true" type="string"><value type="string"></value></property><property name="DefaultDevice" manageable="true" type="string"><value type="string"></value></property><property name="publishChains" manageable="true" type="string"><value type="string"></value></property><property name="title" manageable="true" type="string"><value type="string">invision-demo</value></property><property name="LogoutPage" manageable="true" type="string"><value type="string">retail-banking-demo-wc3/login?error=logout</value></property><property name="LoginPage" manageable="true" type="string"><value type="string">retail-banking-demo-wc3/login</value></property><property name="locales" manageable="true" type="string"><value type="string">en-US,fr-FR</value></property><property name="TypeOfTags" manageable="true" type="string"><value type="string">tracking</value></property><property name="DefaultLandingPage" manageable="true" type="string"><value type="string">retail-banking-demo-wc3/index</value></property><property name="AuthenticationFailurePage" manageable="true" type="string"><value type="string">retail-banking-demo-wc3/login?error=failure</value></property><property name="AccessDeniedPage" manageable="true" type="string"><value type="string">retail-banking-demo-wc3/login?error=accessdenied</value></property><property name="TargetedDevice" manageable="true" type="string"><value type="string"></value></property><property name="thumbnailUrl" manageable="true" type="string"><value type="string"></value></property></properties><children/></portal></portals><portalPages><page><name>HandlebarsBlankPage</name><contextItemName>retail-banking-demo-wc3</contextItemName><extendedItemName>page-bb-default</extendedItemName><createdBy>sys2sys</createdBy><createdTimestamp>2019-03-25T14:27:07+05:30</createdTimestamp><lastModifiedBy>sys2sys</lastModifiedBy><lastModifiedTimestamp>2019-03-25T14:27:20+05:30</lastModifiedTimestamp><hidden>false</hidden><tags/><manageable>true</manageable><uuid>c83e92e4-1849-4811-9214-bc9d43cf2fea</uuid><lockState>UNLOCKED</lockState><properties/><children/></page></portalPages><portalContainers><container><name>Manageable_Area_BlankPage</name><contextItemName>retail-banking-demo-wc3</contextItemName><parentItemName>HandlebarsBlankPage</parentItemName><extendedItemName>container-bb-manageable-area</extendedItemName><createdBy>sys2sys</createdBy><createdTimestamp>2019-03-25T14:27:07+05:30</createdTimestamp><lastModifiedBy>sys2sys</lastModifiedBy><lastModifiedTimestamp>2019-03-25T14:27:07+05:30</lastModifiedTimestamp><hidden>false</hidden><tags/><manageable>true</manageable><uuid>d77008fa-a3f7-402a-85a0-6a94984e80b2</uuid><lockState>UNLOCKED</lockState><properties/><children/></container><container><name>bb-panel-container-ang</name><contextItemName>retail-banking-demo-wc3</contextItemName><extendedItemName>bb-panel-container-ang</extendedItemName><createdBy>sys2sys</createdBy><createdTimestamp>2019-03-25T14:27:07+05:30</createdTimestamp><lastModifiedBy>sys2sys</lastModifiedBy><lastModifiedTimestamp>2019-03-25T14:27:07+05:30</lastModifiedTimestamp><hidden>false</hidden><tags/><uuid>019bad01-371b-4bcb-afed-7aa6ad331373</uuid><lockState>UNLOCKED</lockState><properties/><children/></container><container><name>container-bb-manageable-area</name><contextItemName>retail-banking-demo-wc3</contextItemName><extendedItemName>container-bb-manageable-area</extendedItemName><createdBy>sys2sys</createdBy><createdTimestamp>2019-03-25T14:27:07+05:30</createdTimestamp><lastModifiedBy>sys2sys</lastModifiedBy><lastModifiedTimestamp>2019-03-25T14:27:07+05:30</lastModifiedTimestamp><hidden>false</hidden><tags/><manageable>true</manageable><uuid>0ae55782-cad9-48f5-b33c-ae65edbcce3d</uuid><lockState>UNLOCKED</lockState><properties><property name="area" manageable="true" type="string"><value type="string">0</value></property><property name="title" manageable="true" type="string"><value type="string">Manageable Area</value></property></properties><children/></container><container><name>bb-deck-container-ang</name><contextItemName>retail-banking-demo-wc3</contextItemName><extendedItemName>bb-deck-container-ang</extendedItemName><createdBy>sys2sys</createdBy><createdTimestamp>2019-03-25T14:27:07+05:30</createdTimestamp><lastModifiedBy>sys2sys</lastModifiedBy><lastModifiedTimestamp>2019-03-25T14:27:07+05:30</lastModifiedTimestamp><hidden>false</hidden><tags/><uuid>fcf7156b-03ed-4621-bed4-02a12b44f610</uuid><lockState>UNLOCKED</lockState><properties/><children/></container><container><name>bb-invision-app-ang</name><contextItemName>retail-banking-demo-wc3</contextItemName><extendedItemName>bb-invision-app-ang</extendedItemName><createdBy>admin</createdBy><createdTimestamp>2020-07-12T00:18:00+05:30</createdTimestamp><lastModifiedBy>admin</lastModifiedBy><lastModifiedTimestamp>2020-07-12T00:18:00+05:30</lastModifiedTimestamp><hidden>false</hidden><tags/><uuid>995fa700-38b5-4e69-944b-ef6fb8a29808</uuid><lockState>UNLOCKED</lockState><properties/><children/></container><container><name>bb-invision-documents-layout-container-ang</name><contextItemName>retail-banking-demo-wc3</contextItemName><extendedItemName>bb-invision-documents-layout-container-ang</extendedItemName><createdBy>admin</createdBy><createdTimestamp>2020-07-12T22:47:55+05:30</createdTimestamp><lastModifiedBy>admin</lastModifiedBy><lastModifiedTimestamp>2020-07-12T22:47:55+05:30</lastModifiedTimestamp><hidden>false</hidden><tags/><uuid>ff74e7ed-b5ca-433e-a7ac-a3152ba98bee</uuid><lockState>UNLOCKED</lockState><properties/><children/></container><container><name>bb-column-container-ang_babeb14c-7cb8-46da-9c0b-19d51e7f443b</name><contextItemName>retail-banking-demo-wc3</contextItemName><extendedItemName>bb-column-container-ang</extendedItemName><createdBy>admin</createdBy><createdTimestamp>2020-07-12T00:18:11+05:30</createdTimestamp><lastModifiedBy>admin</lastModifiedBy><lastModifiedTimestamp>2020-07-12T00:18:11+05:30</lastModifiedTimestamp><hidden>false</hidden><tags/><uuid>ed91a209-02ab-472c-82b0-08206ce93117</uuid><lockState>UNLOCKED</lockState><properties/><children/></container><container><name>bb-column-container-ang</name><contextItemName>retail-banking-demo-wc3</contextItemName><extendedItemName>bb-column-container-ang</extendedItemName><createdBy>sys2sys</createdBy><createdTimestamp>2019-03-25T14:27:07+05:30</createdTimestamp><lastModifiedBy>sys2sys</lastModifiedBy><lastModifiedTimestamp>2019-03-25T14:27:07+05:30</lastModifiedTimestamp><hidden>false</hidden><tags/><uuid>a1fc1342-975f-4a0c-add4-3506c29e4d2e</uuid><lockState>UNLOCKED</lockState><properties/><children/></container></portalContainers><portalWidgets><widget><name>bb-navigation-widget-ang</name><contextItemName>retail-banking-demo-wc3</contextItemName><extendedItemName>bb-navigation-widget-ang</extendedItemName><createdBy>admin</createdBy><createdTimestamp>2020-07-12T00:22:58+05:30</createdTimestamp><lastModifiedBy>admin</lastModifiedBy><lastModifiedTimestamp>2020-07-12T00:22:58+05:30</lastModifiedTimestamp><hidden>false</hidden><tags/><uuid>4d34bfe6-5a04-4df6-9b86-39341f40dc8e</uuid><lockState>UNLOCKED</lockState><properties/></widget><widget><name>bb-document-widget-ang</name><contextItemName>retail-banking-demo-wc3</contextItemName><extendedItemName>bb-document-widget-ang</extendedItemName><createdBy>admin</createdBy><createdTimestamp>2020-07-12T18:25:05+05:30</createdTimestamp><lastModifiedBy>admin</lastModifiedBy><lastModifiedTimestamp>2020-07-12T18:25:05+05:30</lastModifiedTimestamp><hidden>false</hidden><tags/><uuid>596b4ee6-48a8-45fc-8324-3ac12859fa80</uuid><lockState>UNLOCKED</lockState><properties/></widget><widget><name>bb-personal-widget-ang</name><contextItemName>retail-banking-demo-wc3</contextItemName><extendedItemName>bb-personal-widget-ang</extendedItemName><createdBy>admin</createdBy><createdTimestamp>2020-07-12T00:18:25+05:30</createdTimestamp><lastModifiedBy>admin</lastModifiedBy><lastModifiedTimestamp>2020-07-12T00:18:25+05:30</lastModifiedTimestamp><hidden>false</hidden><tags/><uuid>b75af796-8734-4704-9c2b-3a29d9313fdf</uuid><lockState>UNLOCKED</lockState><properties/></widget><widget><name>widget-bb-error-screen</name><contextItemName>retail-banking-demo-wc3</contextItemName><extendedItemName>widget-bb-error-screen</extendedItemName><createdBy>sys2sys</createdBy><createdTimestamp>2019-03-25T14:27:08+05:30</createdTimestamp><lastModifiedBy>sys2sys</lastModifiedBy><lastModifiedTimestamp>2019-03-25T14:27:08+05:30</lastModifiedTimestamp><hidden>false</hidden><tags/><uuid>893e54a2-30e0-4afb-be1c-ec28d21c6de8</uuid><lockState>UNLOCKED</lockState><properties><property name="area" manageable="true" type="string"><value type="string">0</value></property></properties></widget><widget><name>bb-invision-header-widget-ang</name><contextItemName>retail-banking-demo-wc3</contextItemName><extendedItemName>bb-invision-header-widget-ang</extendedItemName><createdBy>admin</createdBy><createdTimestamp>2020-07-12T00:18:01+05:30</createdTimestamp><lastModifiedBy>admin</lastModifiedBy><lastModifiedTimestamp>2020-07-12T00:18:01+05:30</lastModifiedTimestamp><hidden>false</hidden><tags/><uuid>d7e56e6a-e59d-4b91-a4ba-dd0e0e7a46ba</uuid><lockState>UNLOCKED</lockState><properties/></widget><widget><name>bb-login-widget-ang</name><contextItemName>retail-banking-demo-wc3</contextItemName><extendedItemName>bb-login-widget-ang</extendedItemName><createdBy>sys2sys</createdBy><createdTimestamp>2019-03-25T14:27:08+05:30</createdTimestamp><lastModifiedBy>sys2sys</lastModifiedBy><lastModifiedTimestamp>2019-03-25T14:27:08+05:30</lastModifiedTimestamp><hidden>false</hidden><tags/><uuid>e6ea80ac-f068-4045-baa3-8890fedcb6b3</uuid><lockState>UNLOCKED</lockState><properties/></widget><widget><name>bb-navigation-spa-widget-ang</name><contextItemName>retail-banking-demo-wc3</contextItemName><extendedItemName>bb-navigation-spa-widget-ang</extendedItemName><createdBy>sys2sys</createdBy><createdTimestamp>2019-03-25T14:27:09+05:30</createdTimestamp><lastModifiedBy>sys2sys</lastModifiedBy><lastModifiedTimestamp>2019-03-25T14:27:09+05:30</lastModifiedTimestamp><hidden>false</hidden><tags/><uuid>d019485f-dc35-4c9f-929b-29812c3c5173</uuid><lockState>UNLOCKED</lockState><properties/></widget></portalWidgets><pages><page><name>error</name><contextItemName>retail-banking-demo-wc3</contextItemName><parentItemName>retail-banking-demo-wc3</parentItemName><extendedItemName>HandlebarsBlankPage</extendedItemName><createdBy>sys2sys</createdBy><createdTimestamp>2019-03-25T14:27:09+05:30</createdTimestamp><lastModifiedBy>sys2sys</lastModifiedBy><lastModifiedTimestamp>2019-03-25T14:27:19+05:30</lastModifiedTimestamp><hidden>false</hidden><tags/><uuid>b9c3fa18-e361-4507-b96a-3cf33b9b8210</uuid><lockState>UNLOCKED</lockState><properties><property name="title" localizable="true" manageable="true" type="string"><value type="string">Something went wrong</value></property></properties><children/></page><page><type>page</type><name>page_1594580561951</name><contextItemName>retail-banking-demo-wc3</contextItemName><parentItemName>retail-banking-demo-wc3</parentItemName><extendedItemName>HandlebarsBlankPage</extendedItemName><createdBy>admin</createdBy><createdTimestamp>2020-07-13T00:32:43+05:30</createdTimestamp><lastModifiedBy>admin</lastModifiedBy><lastModifiedTimestamp>2020-07-13T00:35:01+05:30</lastModifiedTimestamp><hidden>false</hidden><tags><tag blacklist="false" manageable="true" type="regular">web-sdk</tag></tags><uuid>c7914225-abf3-4934-a64c-615f6785c935</uuid><lockState>UNLOCKED</lockState><properties><property label="Page Title" name="title" viewHint="role=manager,order=1" localizable="true" manageable="true" type="string"><value type="string">new-demo</value></property></properties><children/></page><page><name>login</name><contextItemName>retail-banking-demo-wc3</contextItemName><parentItemName>retail-banking-demo-wc3</parentItemName><extendedItemName>HandlebarsBlankPage</extendedItemName><createdBy>sys2sys</createdBy><createdTimestamp>2019-03-25T14:27:09+05:30</createdTimestamp><lastModifiedBy>admin</lastModifiedBy><lastModifiedTimestamp>2020-07-12T01:09:14+05:30</lastModifiedTimestamp><hidden>false</hidden><tags/><uuid>ac35f5b3-3a5f-4916-842a-03aa17f3c1ac</uuid><lockState>UNLOCKED</lockState><properties><property name="outerWrapperClass" viewHint="role=admin" manageable="true" type="string"><value type="string">bb-page-background h-100vh w-100vw</value></property><property name="title" localizable="true" manageable="true" type="string"><value type="string">Login</value></property></properties><children/></page><page><name>index</name><contextItemName>retail-banking-demo-wc3</contextItemName><parentItemName>retail-banking-demo-wc3</parentItemName><extendedItemName>HandlebarsBlankPage</extendedItemName><createdBy>sys2sys</createdBy><createdTimestamp>2019-03-25T14:27:09+05:30</createdTimestamp><lastModifiedBy>admin</lastModifiedBy><lastModifiedTimestamp>2020-07-12T21:48:56+05:30</lastModifiedTimestamp><hidden>false</hidden><tags/><uuid>cedbfd4b-5b4a-4630-9d29-04c82e5ae634</uuid><lockState>UNLOCKED</lockState><properties><property label="Page Title" name="title" viewHint="role=manager,order=1" localizable="true" manageable="true" type="string"><value type="string">Home</value></property></properties><children/></page><page><type>page</type><name>page_1545049265700</name><contextItemName>retail-banking-demo-wc3</contextItemName><parentItemName>retail-banking-demo-wc3</parentItemName><extendedItemName>HandlebarsBlankPage</extendedItemName><createdBy>sys2sys</createdBy><createdTimestamp>2019-03-25T14:27:09+05:30</createdTimestamp><lastModifiedBy>admin</lastModifiedBy><lastModifiedTimestamp>2020-07-12T01:09:15+05:30</lastModifiedTimestamp><hidden>false</hidden><tags><tag blacklist="false" manageable="true" type="regular">web-sdk</tag></tags><uuid>f57396a4-58d2-4e20-8869-ef6d9eae3a22</uuid><lockState>UNLOCKED</lockState><properties><property label="Page Title" name="title" viewHint="role=manager,order=1" localizable="true" manageable="true" type="string"><value type="string">Consent</value></property></properties><children/></page></pages><containers><container><name>container_64262ed1-ad79-4791-8764-4ae2e1293710</name><contextItemName>retail-banking-demo-wc3</contextItemName><parentItemName>index</parentItemName><extendedItemName>Manageable_Area_BlankPage</extendedItemName><createdBy>sys2sys</createdBy><createdTimestamp>2019-03-25T14:27:09+05:30</createdTimestamp><lastModifiedBy>admin</lastModifiedBy><lastModifiedTimestamp>2020-07-12T00:19:51+05:30</lastModifiedTimestamp><hidden>false</hidden><tags/><uuid>eb033330-4010-408c-b854-018ff467ee73</uuid><lockState>UNLOCKED</lockState><properties/><children/></container><container><name>container_712b9f65-9f71-4af9-b97a-5efae86c330a</name><contextItemName>retail-banking-demo-wc3</contextItemName><parentItemName>login</parentItemName><extendedItemName>Manageable_Area_BlankPage</extendedItemName><createdBy>sys2sys</createdBy><createdTimestamp>2019-03-25T14:27:09+05:30</createdTimestamp><lastModifiedBy>admin</lastModifiedBy><lastModifiedTimestamp>2020-07-12T01:09:14+05:30</lastModifiedTimestamp><hidden>false</hidden><tags/><uuid>22e1e2fe-3ccc-40cd-8ceb-37af55a09147</uuid><lockState>UNLOCKED</lockState><properties/><children/></container><container><name>container_7efaa0f4-9ebf-44ad-9564-2c4afacec57c</name><contextItemName>retail-banking-demo-wc3</contextItemName><parentItemName>page_1594580561951</parentItemName><extendedItemName>Manageable_Area_BlankPage</extendedItemName><createdBy>admin</createdBy><createdTimestamp>2020-07-13T00:32:43+05:30</createdTimestamp><lastModifiedBy>admin</lastModifiedBy><lastModifiedTimestamp>2020-07-13T00:32:43+05:30</lastModifiedTimestamp><hidden>false</hidden><tags/><uuid>0d8f6af9-166d-4f93-bd45-72da9f6d158d</uuid><lockState>UNLOCKED</lockState><properties/><children/></container><container><name>bb-invision-documents-layout-container-ang-_-8e1d53065919</name><contextItemName>retail-banking-demo-wc3</contextItemName><parentItemName>bb-invision-app-ang-_-db495ac6a199</parentItemName><extendedItemName>bb-invision-documents-layout-container-ang</extendedItemName><createdBy>admin</createdBy><createdTimestamp>2020-07-13T00:33:29+05:30</createdTimestamp><lastModifiedBy>admin</lastModifiedBy><lastModifiedTimestamp>2020-07-13T00:34:35+05:30</lastModifiedTimestamp><hidden>false</hidden><tags/><uuid>4ad99b52-7ca7-484f-b2ce-e68711634c33</uuid><lockState>UNLOCKED</lockState><properties><property name="area" manageable="true" type="string"><value type="string">0</value></property><property name="order" manageable="true" type="double"><value type="double">16</value></property></properties><children/></container><container><name>bb-panel-container-ang-_-c51ad101b07a</name><contextItemName>retail-banking-demo-wc3</contextItemName><parentItemName>bb-deck-container-ang-_-65989731e69b</parentItemName><extendedItemName>bb-panel-container-ang</extendedItemName><createdBy>admin</createdBy><createdTimestamp>2020-07-12T17:43:03+05:30</createdTimestamp><lastModifiedBy>admin</lastModifiedBy><lastModifiedTimestamp>2020-07-12T17:43:03+05:30</lastModifiedTimestamp><hidden>false</hidden><tags/><uuid>d40549a0-cd60-437c-b221-0300e50f7fd9</uuid><lockState>UNLOCKED</lockState><properties><property name="area" manageable="true" type="string"><value type="string">0</value></property><property name="route" viewHint="admin,designModeOnly" manageable="true" type="string"><value type="string"></value></property><property name="title" viewHint="admin,designModeOnly" localizable="true" manageable="true" type="string"><value type="string">Deck 3</value></property><property name="order" manageable="true" type="double"><value type="double">8</value></property></properties><children/></container><container><name>bb-panel-container-ang-_-ac37b92f0136</name><contextItemName>retail-banking-demo-wc3</contextItemName><parentItemName>bb-deck-container-ang-_-65989731e69b</parentItemName><extendedItemName>bb-panel-container-ang</extendedItemName><createdBy>admin</createdBy><createdTimestamp>2020-07-12T17:43:02+05:30</createdTimestamp><lastModifiedBy>admin</lastModifiedBy><lastModifiedTimestamp>2020-07-12T21:48:56+05:30</lastModifiedTimestamp><hidden>false</hidden><tags/><uuid>bc64c77f-2398-4c34-a506-1ed599a6c695</uuid><lockState>UNLOCKED</lockState><properties><property name="area" manageable="true" type="string"><value type="string">0</value></property><property name="route" viewHint="admin,designModeOnly" manageable="true" type="string"><value type="string"></value></property><property name="title" viewHint="admin,designModeOnly" localizable="true" manageable="true" type="string"><value type="string">Deck 1</value></property><property name="order" manageable="true" type="double"><value type="double">8</value></property></properties><children/></container><container><name>bb-deck-container-ang-_-65989731e69b</name><contextItemName>retail-banking-demo-wc3</contextItemName><parentItemName>bb-invision-app-ang-_-7d3b95508956</parentItemName><extendedItemName>bb-deck-container-ang</extendedItemName><createdBy>admin</createdBy><createdTimestamp>2020-07-12T17:43:02+05:30</createdTimestamp><lastModifiedBy>admin</lastModifiedBy><lastModifiedTimestamp>2020-07-12T17:43:02+05:30</lastModifiedTimestamp><hidden>false</hidden><tags/><uuid>721dc06c-4dcd-4e3e-82a3-36dbbbf2d143</uuid><lockState>UNLOCKED</lockState><properties><property name="area" manageable="true" type="string"><value type="string">0</value></property><property name="order" manageable="true" type="double"><value type="double">0</value></property></properties><children/></container><container><name>bb-invision-app-ang-_-db495ac6a199</name><contextItemName>retail-banking-demo-wc3</contextItemName><parentItemName>container_7efaa0f4-9ebf-44ad-9564-2c4afacec57c</parentItemName><extendedItemName>bb-invision-app-ang</extendedItemName><createdBy>admin</createdBy><createdTimestamp>2020-07-13T00:33:06+05:30</createdTimestamp><lastModifiedBy>admin</lastModifiedBy><lastModifiedTimestamp>2020-07-13T00:34:52+05:30</lastModifiedTimestamp><hidden>false</hidden><tags/><uuid>8a2ba0c5-4e42-4e0d-8a27-5477ebda93a9</uuid><lockState>UNLOCKED</lockState><properties><property name="area" manageable="true" type="string"><value type="string">0</value></property><property name="order" manageable="true" type="double"><value type="double">8</value></property></properties><children/></container><container><name>bb-invision-app-ang-_-7d3b95508956</name><contextItemName>retail-banking-demo-wc3</contextItemName><parentItemName>container_64262ed1-ad79-4791-8764-4ae2e1293710</parentItemName><extendedItemName>bb-invision-app-ang</extendedItemName><createdBy>admin</createdBy><createdTimestamp>2020-07-12T00:20:18+05:30</createdTimestamp><lastModifiedBy>admin</lastModifiedBy><lastModifiedTimestamp>2020-07-12T19:45:43+05:30</lastModifiedTimestamp><hidden>false</hidden><tags/><uuid>a45b3a57-7acc-4f10-8d70-cb44bbd296c8</uuid><lockState>UNLOCKED</lockState><properties><property name="area" manageable="true" type="string"><value type="string">0</value></property><property name="order" manageable="true" type="double"><value type="double">8</value></property></properties><children/></container><container><name>container_66b67f37-0843-4a4d-aef5-89e8068c3cbb</name><contextItemName>retail-banking-demo-wc3</contextItemName><parentItemName>page_1545049265700</parentItemName><extendedItemName>Manageable_Area_BlankPage</extendedItemName><createdBy>sys2sys</createdBy><createdTimestamp>2019-03-25T14:27:09+05:30</createdTimestamp><lastModifiedBy>admin</lastModifiedBy><lastModifiedTimestamp>2020-07-12T01:09:15+05:30</lastModifiedTimestamp><hidden>false</hidden><tags/><uuid>a372a3de-8340-4297-933a-51d18286ba22</uuid><lockState>UNLOCKED</lockState><properties/><children/></container><container><name>container_5ad72405-9343-4edd-ae28-0f3cfd3d143d</name><contextItemName>retail-banking-demo-wc3</contextItemName><parentItemName>error</parentItemName><extendedItemName>Manageable_Area_BlankPage</extendedItemName><createdBy>sys2sys</createdBy><createdTimestamp>2019-03-25T14:27:14+05:30</createdTimestamp><lastModifiedBy>sys2sys</lastModifiedBy><lastModifiedTimestamp>2019-03-25T14:27:14+05:30</lastModifiedTimestamp><hidden>false</hidden><tags/><uuid>b65c918c-fd17-482b-a927-5927f2b8848a</uuid><lockState>UNLOCKED</lockState><properties/><children/></container><container><name>bb-panel-container-ang-_-be861ebfea7d</name><contextItemName>retail-banking-demo-wc3</contextItemName><parentItemName>bb-deck-container-ang-_-65989731e69b</parentItemName><extendedItemName>bb-panel-container-ang</extendedItemName><createdBy>admin</createdBy><createdTimestamp>2020-07-12T17:43:02+05:30</createdTimestamp><lastModifiedBy>admin</lastModifiedBy><lastModifiedTimestamp>2020-07-12T17:43:02+05:30</lastModifiedTimestamp><hidden>false</hidden><tags/><uuid>787d9ca8-6334-4c86-a80d-94e94ef17a36</uuid><lockState>UNLOCKED</lockState><properties><property name="area" manageable="true" type="string"><value type="string">0</value></property><property name="route" viewHint="admin,designModeOnly" manageable="true" type="string"><value type="string"></value></property><property name="title" viewHint="admin,designModeOnly" localizable="true" manageable="true" type="string"><value type="string">Deck 2</value></property><property name="order" manageable="true" type="double"><value type="double">8</value></property></properties><children/></container></containers><widgets><widget><name>bb-invision-header-widget-ang-_-a7346bf1c675</name><contextItemName>retail-banking-demo-wc3</contextItemName><parentItemName>bb-invision-app-ang-_-db495ac6a199</parentItemName><extendedItemName>bb-invision-header-widget-ang</extendedItemName><createdBy>admin</createdBy><createdTimestamp>2020-07-13T00:33:21+05:30</createdTimestamp><lastModifiedBy>admin</lastModifiedBy><lastModifiedTimestamp>2020-07-13T00:33:21+05:30</lastModifiedTimestamp><hidden>false</hidden><tags/><uuid>e90cf2fe-cc73-4c11-a2ef-fc6860cf13c7</uuid><lockState>UNLOCKED</lockState><properties><property name="area" manageable="true" type="string"><value type="string">0</value></property><property name="order" manageable="true" type="double"><value type="double">8</value></property></properties></widget><widget><name>widget-bb-error-screen_retail-banking-demo-wc3</name><contextItemName>retail-banking-demo-wc3</contextItemName><parentItemName>container_5ad72405-9343-4edd-ae28-0f3cfd3d143d</parentItemName><extendedItemName>widget-bb-error-screen</extendedItemName><createdBy>sys2sys</createdBy><createdTimestamp>2019-03-25T14:27:16+05:30</createdTimestamp><lastModifiedBy>sys2sys</lastModifiedBy><lastModifiedTimestamp>2019-03-25T14:27:16+05:30</lastModifiedTimestamp><hidden>false</hidden><tags/><uuid>95475144-c963-4e25-95e5-71beaf188a80</uuid><lockState>UNLOCKED</lockState><properties><property name="area" manageable="true" type="string"><value type="string">0</value></property></properties></widget><widget><name>bb-document-widget-ang-_-286a0dbb821a</name><contextItemName>retail-banking-demo-wc3</contextItemName><parentItemName>bb-panel-container-ang-_-ac37b92f0136</parentItemName><extendedItemName>bb-document-widget-ang</extendedItemName><createdBy>admin</createdBy><createdTimestamp>2020-07-12T18:25:45+05:30</createdTimestamp><lastModifiedBy>admin</lastModifiedBy><lastModifiedTimestamp>2020-07-12T18:25:45+05:30</lastModifiedTimestamp><hidden>false</hidden><tags/><uuid>e43d75ff-8f70-44ea-afde-e331b0d42297</uuid><lockState>UNLOCKED</lockState><properties><property name="area" manageable="true" type="string"><value type="string">0</value></property><property name="order" manageable="true" type="double"><value type="double">12</value></property></properties></widget><widget><name>bb-personal-widget-ang-_-63fcc6e688a8</name><contextItemName>retail-banking-demo-wc3</contextItemName><parentItemName>bb-panel-container-ang-_-ac37b92f0136</parentItemName><extendedItemName>bb-personal-widget-ang</extendedItemName><createdBy>admin</createdBy><createdTimestamp>2020-07-12T17:44:17+05:30</createdTimestamp><lastModifiedBy>admin</lastModifiedBy><lastModifiedTimestamp>2020-07-12T17:44:17+05:30</lastModifiedTimestamp><hidden>false</hidden><tags/><uuid>9315e596-0b45-4092-be35-9114a9a0b2c7</uuid><lockState>UNLOCKED</lockState><properties><property name="area" manageable="true" type="string"><value type="string">0</value></property><property name="order" manageable="true" type="double"><value type="double">16</value></property></properties></widget><widget><name>bb-personal-widget-ang-_-5c0b7f3a9f89</name><contextItemName>retail-banking-demo-wc3</contextItemName><parentItemName>bb-invision-documents-layout-container-ang-_-8e1d53065919</parentItemName><extendedItemName>bb-personal-widget-ang</extendedItemName><createdBy>admin</createdBy><createdTimestamp>2020-07-13T00:35:01+05:30</createdTimestamp><lastModifiedBy>admin</lastModifiedBy><lastModifiedTimestamp>2020-07-13T00:35:01+05:30</lastModifiedTimestamp><hidden>false</hidden><tags/><uuid>5d1eba3d-fae0-4ba2-8c35-a395db2112ee</uuid><lockState>UNLOCKED</lockState><properties><property name="area" manageable="true" type="string"><value type="string">0</value></property><property name="order" manageable="true" type="double"><value type="double">0</value></property></properties></widget><widget><name>bb-document-widget-ang-_-70731afd6bcb</name><contextItemName>retail-banking-demo-wc3</contextItemName><parentItemName>bb-invision-documents-layout-container-ang-_-8e1d53065919</parentItemName><extendedItemName>bb-document-widget-ang</extendedItemName><createdBy>admin</createdBy><createdTimestamp>2020-07-13T00:34:42+05:30</createdTimestamp><lastModifiedBy>admin</lastModifiedBy><lastModifiedTimestamp>2020-07-13T00:34:42+05:30</lastModifiedTimestamp><hidden>false</hidden><tags/><uuid>50704ad3-2152-4f22-837c-ea68835be3d2</uuid><lockState>UNLOCKED</lockState><properties><property name="area" manageable="true" type="string"><value type="string">0</value></property><property name="order" manageable="true" type="double"><value type="double">8</value></property></properties></widget></widgets><bundleRights><bundleRight><contextItemName>retail-banking-demo-wc3</contextItemName><itemName>error</itemName><itemType>PAGE</itemType><rights><itemRight name="error" inherited="false"><securityProfile>CONSUMER</securityProfile><sid>ROLE_group_user</sid></itemRight><itemRight name="error" inherited="false"><securityProfile>ADMIN</securityProfile><sid>ROLE_group_manager</sid></itemRight><itemRight name="error" inherited="false"><securityProfile>ADMIN</securityProfile><sid>ROLE_group_admin</sid></itemRight><itemRight name="error" inherited="false"><securityProfile>ADMIN</securityProfile><sid>ROLE_group_master page designer</sid></itemRight><itemRight name="error" inherited="false"><securityProfile>CONSUMER</securityProfile><sid>ROLE_ANONYMOUS</sid></itemRight></rights></bundleRight><bundleRight><contextItemName>retail-banking-demo-wc3</contextItemName><itemName>navroot_mainmenu</itemName><itemType>LINK</itemType><rights><itemRight name="navroot_mainmenu" inherited="false"><securityProfile>CONSUMER</securityProfile><sid>ROLE_group_user</sid></itemRight><itemRight name="navroot_mainmenu" inherited="false"><securityProfile>ADMIN</securityProfile><sid>ROLE_group_manager</sid></itemRight><itemRight name="navroot_mainmenu" inherited="false"><securityProfile>ADMIN</securityProfile><sid>ROLE_group_admin</sid></itemRight><itemRight name="navroot_mainmenu" inherited="false"><securityProfile>ADMIN</securityProfile><sid>ROLE_group_master page designer</sid></itemRight></rights></bundleRight><bundleRight><contextItemName>retail-banking-demo-wc3</contextItemName><itemName>portal_error</itemName><itemType>LINK</itemType><rights><itemRight name="portal_error" inherited="false"><securityProfile>CONSUMER</securityProfile><sid>ROLE_group_user</sid></itemRight><itemRight name="portal_error" inherited="false"><securityProfile>ADMIN</securityProfile><sid>ROLE_group_manager</sid></itemRight><itemRight name="portal_error" inherited="false"><securityProfile>ADMIN</securityProfile><sid>ROLE_group_admin</sid></itemRight><itemRight name="portal_error" inherited="false"><securityProfile>ADMIN</securityProfile><sid>ROLE_group_master page designer</sid></itemRight><itemRight name="portal_error" inherited="false"><securityProfile>CONSUMER</securityProfile><sid>ROLE_ANONYMOUS</sid></itemRight></rights></bundleRight><bundleRight><contextItemName>retail-banking-demo-wc3</contextItemName><itemName>login</itemName><itemType>PAGE</itemType><rights><itemRight name="login" inherited="false"><securityProfile>CONSUMER</securityProfile><sid>ROLE_group_user</sid></itemRight><itemRight name="login" inherited="false"><securityProfile>ADMIN</securityProfile><sid>ROLE_group_manager</sid></itemRight><itemRight name="login" inherited="false"><securityProfile>ADMIN</securityProfile><sid>ROLE_group_admin</sid></itemRight><itemRight name="login" inherited="false"><securityProfile>ADMIN</securityProfile><sid>ROLE_group_master page designer</sid></itemRight><itemRight name="login" inherited="false"><securityProfile>CONSUMER</securityProfile><sid>ROLE_ANONYMOUS</sid></itemRight></rights></bundleRight><bundleRight><contextItemName>retail-banking-demo-wc3</contextItemName><itemName>link_1594580561954</itemName><itemType>LINK</itemType><rights><itemRight name="link_1594580561954" inherited="false"><securityProfile>CONSUMER</securityProfile><sid>ROLE_group_user</sid></itemRight><itemRight name="link_1594580561954" inherited="false"><securityProfile>ADMIN</securityProfile><sid>ROLE_group_admin</sid></itemRight><itemRight name="link_1594580561954" inherited="false"><securityProfile>ADMIN</securityProfile><sid>ROLE_group_manager</sid></itemRight><itemRight name="link_1594580561954" inherited="false"><securityProfile>ADMIN</securityProfile><sid>ROLE_group_master page designer</sid></itemRight></rights></bundleRight><bundleRight><contextItemName>retail-banking-demo-wc3</contextItemName><itemName>index</itemName><itemType>PAGE</itemType><rights><itemRight name="index" inherited="false"><securityProfile>CONSUMER</securityProfile><sid>ROLE_group_user</sid></itemRight><itemRight name="index" inherited="false"><securityProfile>ADMIN</securityProfile><sid>ROLE_group_manager</sid></itemRight><itemRight name="index" inherited="false"><securityProfile>ADMIN</securityProfile><sid>ROLE_group_admin</sid></itemRight><itemRight name="index" inherited="false"><securityProfile>ADMIN</securityProfile><sid>ROLE_group_master page designer</sid></itemRight></rights></bundleRight><bundleRight><contextItemName>retail-banking-demo-wc3</contextItemName><itemName>link_1545049265701</itemName><itemType>LINK</itemType><rights><itemRight name="link_1545049265701" inherited="false"><securityProfile>CONSUMER</securityProfile><sid>ROLE_group_user</sid></itemRight><itemRight name="link_1545049265701" inherited="false"><securityProfile>ADMIN</securityProfile><sid>ROLE_group_manager</sid></itemRight><itemRight name="link_1545049265701" inherited="false"><securityProfile>ADMIN</securityProfile><sid>ROLE_group_admin</sid></itemRight><itemRight name="link_1545049265701" inherited="false"><securityProfile>ADMIN</securityProfile><sid>ROLE_group_master page designer</sid></itemRight><itemRight name="link_1545049265701" inherited="false"><securityProfile>CONSUMER</securityProfile><sid>ROLE_ANONYMOUS</sid></itemRight></rights></bundleRight><bundleRight><contextItemName>retail-banking-demo-wc3</contextItemName><itemName>portal_login</itemName><itemType>LINK</itemType><rights><itemRight name="portal_login" inherited="false"><securityProfile>CONSUMER</securityProfile><sid>ROLE_group_user</sid></itemRight><itemRight name="portal_login" inherited="false"><securityProfile>ADMIN</securityProfile><sid>ROLE_group_manager</sid></itemRight><itemRight name="portal_login" inherited="false"><securityProfile>ADMIN</securityProfile><sid>ROLE_group_admin</sid></itemRight><itemRight name="portal_login" inherited="false"><securityProfile>ADMIN</securityProfile><sid>ROLE_group_master page designer</sid></itemRight><itemRight name="portal_login" inherited="false"><securityProfile>CONSUMER</securityProfile><sid>ROLE_ANONYMOUS</sid></itemRight></rights></bundleRight><bundleRight><contextItemName>retail-banking-demo-wc3</contextItemName><itemName>link_97e5e652-2947-4ed9-a95d-534cbcb76a63</itemName><itemType>LINK</itemType><rights><itemRight name="link_97e5e652-2947-4ed9-a95d-534cbcb76a63" inherited="false"><securityProfile>CONSUMER</securityProfile><sid>ROLE_group_user</sid></itemRight><itemRight name="link_97e5e652-2947-4ed9-a95d-534cbcb76a63" inherited="false"><securityProfile>CONSUMER</securityProfile><sid>ROLE_group_manager</sid></itemRight><itemRight name="link_97e5e652-2947-4ed9-a95d-534cbcb76a63" inherited="false"><securityProfile>ADMIN</securityProfile><sid>ROLE_group_admin</sid></itemRight><itemRight name="link_97e5e652-2947-4ed9-a95d-534cbcb76a63" inherited="false"><securityProfile>ADMIN</securityProfile><sid>ROLE_group_master page designer</sid></itemRight><itemRight name="link_97e5e652-2947-4ed9-a95d-534cbcb76a63" inherited="false"><securityProfile>CONSUMER</securityProfile><sid>ROLE_ANONYMOUS</sid></itemRight></rights></bundleRight><bundleRight><contextItemName>retail-banking-demo-wc3</contextItemName><itemName>HandlebarsBlankPage</itemName><itemType>PAGE</itemType><rights><itemRight name="HandlebarsBlankPage" inherited="false"><securityProfile>CONSUMER</securityProfile><sid>ROLE_group_user</sid></itemRight><itemRight name="HandlebarsBlankPage" inherited="false"><securityProfile>CONSUMER</securityProfile><sid>ROLE_group_manager</sid></itemRight><itemRight name="HandlebarsBlankPage" inherited="false"><securityProfile>ADMIN</securityProfile><sid>ROLE_group_admin</sid></itemRight><itemRight name="HandlebarsBlankPage" inherited="false"><securityProfile>ADMIN</securityProfile><sid>ROLE_group_master page designer</sid></itemRight><itemRight name="HandlebarsBlankPage" inherited="false"><securityProfile>CONSUMER</securityProfile><sid>ROLE_ANONYMOUS</sid></itemRight></rights></bundleRight><bundleRight><contextItemName>retail-banking-demo-wc3</contextItemName><itemName>link_navrootMainMenu</itemName><itemType>LINK</itemType><rights><itemRight name="link_navrootMainMenu" inherited="false"><securityProfile>CONSUMER</securityProfile><sid>ROLE_group_user</sid></itemRight><itemRight name="link_navrootMainMenu" inherited="false"><securityProfile>ADMIN</securityProfile><sid>ROLE_group_manager</sid></itemRight><itemRight name="link_navrootMainMenu" inherited="false"><securityProfile>ADMIN</securityProfile><sid>ROLE_group_admin</sid></itemRight><itemRight name="link_navrootMainMenu" inherited="false"><securityProfile>ADMIN</securityProfile><sid>ROLE_group_master page designer</sid></itemRight></rights></bundleRight><bundleRight><contextItemName>retail-banking-demo-wc3</contextItemName><itemName>masterpage_root</itemName><itemType>LINK</itemType><rights><itemRight name="masterpage_root" inherited="false"><securityProfile>ADMIN</securityProfile><sid>ROLE_group_admin</sid></itemRight><itemRight name="masterpage_root" inherited="false"><securityProfile>ADMIN</securityProfile><sid>ROLE_group_master page designer</sid></itemRight></rights></bundleRight><bundleRight><contextItemName>[BBHOST]</contextItemName><itemName>retail-banking-demo-wc3</itemName><itemType>PORTAL</itemType><rights><itemRight name="retail-banking-demo-wc3" inherited="false"><securityProfile>CONSUMER</securityProfile><sid>ROLE_group_user</sid></itemRight><itemRight name="retail-banking-demo-wc3" inherited="false"><securityProfile>ADMIN</securityProfile><sid>ROLE_group_manager</sid></itemRight><itemRight name="retail-banking-demo-wc3" inherited="false"><securityProfile>ADMIN</securityProfile><sid>ROLE_group_admin</sid></itemRight><itemRight name="retail-banking-demo-wc3" inherited="false"><securityProfile>ADMIN</securityProfile><sid>ROLE_group_master page designer</sid></itemRight><itemRight name="retail-banking-demo-wc3" inherited="false"><securityProfile>CONSUMER</securityProfile><sid>ROLE_ANONYMOUS</sid></itemRight></rights></bundleRight></bundleRights><links><link><name>navroot_mainmenu</name><contextItemName>retail-banking-demo-wc3</contextItemName><parentItemName>retail-banking-demo-wc3</parentItemName><createdBy>sys2sys</createdBy><createdTimestamp>2019-03-25T14:27:18+05:30</createdTimestamp><lastModifiedBy>admin</lastModifiedBy><lastModifiedTimestamp>2020-07-13T00:52:55+05:30</lastModifiedTimestamp><hidden>false</hidden><tags/><uuid>a2b40ecf-ae83-4023-aa63-8282b45f70cc</uuid><lockState>UNLOCKED</lockState><properties><property name="sectionName" localizable="true" manageable="true" type="string"><value type="string">main</value></property><property name="itemType" manageable="true" type="string"><value type="string">menuHeader</value></property><property name="Description" manageable="true" type="string"><value type="string"></value></property><property name="generatedUrl" manageable="true" type="string"><value type="string">retail-banking-demo-wc3/main</value></property><property name="title" localizable="true" manageable="true" type="string"><value type="string">Main Navigation</value></property><property name="order" manageable="true" type="double"><value type="double">10.0</value></property><property name="SecuritySameAsParent" manageable="true" type="boolean"><value type="boolean">false</value></property></properties><children/><finalUrl>retail-banking-demo-wc3/main</finalUrl></link><link><name>portal_error</name><contextItemName>retail-banking-demo-wc3</contextItemName><parentItemName>navroot_notinmenu</parentItemName><createdBy>sys2sys</createdBy><createdTimestamp>2019-03-25T14:27:18+05:30</createdTimestamp><lastModifiedBy>sys2sys</lastModifiedBy><lastModifiedTimestamp>2019-03-25T14:27:19+05:30</lastModifiedTimestamp><hidden>false</hidden><tags/><uuid>3dee2004-8c18-40b6-b00a-cb34e20cd9b4</uuid><lockState>UNLOCKED</lockState><properties><property name="sectionName" localizable="true" manageable="true" type="string"><value type="string">error</value></property><property name="itemType" manageable="true" type="string"><value type="string">page</value></property><property name="Description" manageable="true" type="string"><value type="string"></value></property><property name="generatedUrl" manageable="true" type="string"><value type="string">retail-banking-demo-wc3/error</value></property><property name="ItemRef" manageable="true" type="uuidRef"><value type="uuidRef">b9c3fa18-e361-4507-b96a-3cf33b9b8210</value></property><property name="title" localizable="true" manageable="true" type="string"><value type="string">Error</value></property><property name="order" manageable="true" type="double"><value type="double">10.0</value></property><property name="SecuritySameAsParent" manageable="true" type="boolean"><value type="boolean">false</value></property></properties><children/><finalUrl>retail-banking-demo-wc3/error</finalUrl></link><link><type>link</type><name>link_1594580561954</name><contextItemName>retail-banking-demo-wc3</contextItemName><parentItemName>navroot_mainmenu</parentItemName><createdBy>admin</createdBy><createdTimestamp>2020-07-13T00:32:43+05:30</createdTimestamp><lastModifiedBy>admin</lastModifiedBy><lastModifiedTimestamp>2020-07-13T00:32:43+05:30</lastModifiedTimestamp><hidden>false</hidden><tags/><uuid>c0660c88-cdc1-411d-b9ec-62a219fb977b</uuid><lockState>UNLOCKED</lockState><properties><property name="sectionName" localizable="true" manageable="true" type="string"><value type="string">new-demo</value></property><property name="itemType" manageable="true" type="string"><value type="string">page</value></property><property name="Description" manageable="true" type="string"><value type="string"></value></property><property name="generatedUrl" manageable="true" type="string"><value type="string">retail-banking-demo-wc3/new-demo</value></property><property name="ItemRef" manageable="true" type="uuidRef"><value type="uuidRef">c7914225-abf3-4934-a64c-615f6785c935</value></property><property name="title" localizable="true" manageable="true" type="string"><value type="string">new-demo</value></property><property name="order" manageable="true" type="double"><value type="double">752.5</value></property><property name="SecuritySameAsParent" manageable="true" type="boolean"><value type="boolean">true</value></property></properties><children/><finalUrl>retail-banking-demo-wc3/new-demo</finalUrl></link><link><type>link</type><name>link_1545049265701</name><contextItemName>retail-banking-demo-wc3</contextItemName><parentItemName>navroot_notinmenu</parentItemName><createdBy>sys2sys</createdBy><createdTimestamp>2019-03-25T14:27:18+05:30</createdTimestamp><lastModifiedBy>sys2sys</lastModifiedBy><lastModifiedTimestamp>2019-03-25T14:27:19+05:30</lastModifiedTimestamp><hidden>false</hidden><tags/><uuid>9f1cf174-010b-4374-b7c3-9db91fa544be</uuid><lockState>UNLOCKED</lockState><properties><property name="sectionName" localizable="true" manageable="true" type="string"><value type="string">consent</value></property><property name="itemType" manageable="true" type="string"><value type="string">page</value></property><property name="Description" manageable="true" type="string"><value type="string"></value></property><property name="generatedUrl" manageable="true" type="string"><value type="string">retail-banking-demo-wc3/consent</value></property><property name="ItemRef" manageable="true" type="uuidRef"><value type="uuidRef">f57396a4-58d2-4e20-8869-ef6d9eae3a22</value></property><property name="title" localizable="true" manageable="true" type="string"><value type="string">Consent</value></property><property name="order" manageable="true" type="double"><value type="double">505.0</value></property><property name="SecuritySameAsParent" manageable="true" type="boolean"><value type="boolean">true</value></property></properties><children/><finalUrl>retail-banking-demo-wc3/consent</finalUrl></link><link><name>portal_login</name><contextItemName>retail-banking-demo-wc3</contextItemName><parentItemName>navroot_notinmenu</parentItemName><createdBy>sys2sys</createdBy><createdTimestamp>2019-03-25T14:27:19+05:30</createdTimestamp><lastModifiedBy>sys2sys</lastModifiedBy><lastModifiedTimestamp>2019-03-25T14:27:20+05:30</lastModifiedTimestamp><hidden>false</hidden><tags/><uuid>9195fca9-8350-4c1c-96dd-0a2e26e8fad0</uuid><lockState>UNLOCKED</lockState><properties><property name="sectionName" localizable="true" manageable="true" type="string"><value type="string">login</value></property><property name="itemType" manageable="true" type="string"><value type="string">page</value></property><property name="Description" manageable="true" type="string"><value type="string"></value></property><property name="generatedUrl" manageable="true" type="string"><value type="string">retail-banking-demo-wc3/login</value></property><property name="ItemRef" manageable="true" type="uuidRef"><value type="uuidRef">ac35f5b3-3a5f-4916-842a-03aa17f3c1ac</value></property><property name="title" localizable="true" manageable="true" type="string"><value type="string">Login</value></property><property name="order" manageable="true" type="double"><value type="double">10.0</value></property><property name="SecuritySameAsParent" manageable="true" type="boolean"><value type="boolean">false</value></property></properties><children/><finalUrl>retail-banking-demo-wc3/login</finalUrl></link><link><name>link_97e5e652-2947-4ed9-a95d-534cbcb76a63</name><contextItemName>retail-banking-demo-wc3</contextItemName><parentItemName>masterpage_root</parentItemName><createdBy>sys2sys</createdBy><createdTimestamp>2019-03-25T14:27:18+05:30</createdTimestamp><lastModifiedBy>sys2sys</lastModifiedBy><lastModifiedTimestamp>2019-03-25T14:27:19+05:30</lastModifiedTimestamp><hidden>false</hidden><tags/><uuid>872c7146-95e2-4d3d-9074-5cab8a1b2d83</uuid><lockState>UNLOCKED</lockState><properties><property name="sectionName" manageable="true" type="string"><value type="string">HandlebarsBlankPage</value></property><property name="itemType" manageable="true" type="string"><value type="string">page</value></property><property name="Description" manageable="true" type="string"><value type="string"></value></property><property name="generatedUrl" manageable="true" type="string"><value type="string">retail-banking-demo-wc3/HandlebarsBlankPage</value></property><property name="ItemRef" manageable="true" type="uuidRef"><value type="uuidRef">c83e92e4-1849-4811-9214-bc9d43cf2fea</value></property><property name="title" manageable="true" type="string"><value type="string">Web-basic</value></property><property name="SecuritySameAsParent" manageable="true" type="boolean"><value type="boolean">true</value></property><property name="order" manageable="true" type="double"><value type="double">0.0</value></property></properties><children/><finalUrl>retail-banking-demo-wc3/HandlebarsBlankPage</finalUrl></link><link><name>link_navrootMainMenu</name><contextItemName>retail-banking-demo-wc3</contextItemName><parentItemName>navroot_mainmenu</parentItemName><createdBy>sys2sys</createdBy><createdTimestamp>2019-03-25T14:27:18+05:30</createdTimestamp><lastModifiedBy>sys2sys</lastModifiedBy><lastModifiedTimestamp>2019-03-25T14:27:19+05:30</lastModifiedTimestamp><hidden>false</hidden><tags/><uuid>e0f26277-82e3-456c-b56e-e442a439aeaf</uuid><lockState>UNLOCKED</lockState><properties><property name="sectionName" localizable="true" manageable="true" type="string"><value type="string">index</value></property><property name="itemType" manageable="true" type="string"><value type="string">page</value></property><property name="Description" manageable="true" type="string"><value type="string"></value></property><property name="generatedUrl" manageable="true" type="string"><value type="string">retail-banking-demo-wc3/index</value></property><property name="ItemRef" manageable="true" type="uuidRef"><value type="uuidRef">cedbfd4b-5b4a-4630-9d29-04c82e5ae634</value></property><property name="title" localizable="true" manageable="true" type="string"><value type="string">Home</value></property><property name="Url" manageable="true" type="uuidRef"><value type="uuidRef">retail-banking-demo-wc3</value></property><property name="order" manageable="true" type="double"><value type="double">10.0</value></property><property name="SecuritySameAsParent" manageable="true" type="boolean"><value type="boolean">true</value></property></properties><children/><finalUrl>retail-banking-demo-wc3</finalUrl></link><link><name>masterpage_root</name><contextItemName>retail-banking-demo-wc3</contextItemName><parentItemName>retail-banking-demo-wc3</parentItemName><createdBy>sys2sys</createdBy><createdTimestamp>2019-03-25T14:27:18+05:30</createdTimestamp><lastModifiedBy>sys2sys</lastModifiedBy><lastModifiedTimestamp>2019-03-25T14:27:19+05:30</lastModifiedTimestamp><hidden>false</hidden><tags/><uuid>0c0ec7c0-a29e-4eac-8bac-f3ecebc88eb1</uuid><lockState>UNLOCKED</lockState><properties><property name="sectionName" localizable="true" manageable="true" type="string"><value type="string">master-pages</value></property><property name="itemType" manageable="true" type="string"><value type="string">menuHeader</value></property><property name="Description" manageable="true" type="string"><value type="string"></value></property><property name="generatedUrl" manageable="true" type="string"><value type="string">retail-banking-demo-wc3/master-pages</value></property><property name="title" localizable="true" manageable="true" type="string"><value type="string">Master Pages</value></property><property name="order" manageable="true" type="double"><value type="double">30.0</value></property><property name="SecuritySameAsParent" manageable="true" type="boolean"><value type="boolean">false</value></property></properties><children/><finalUrl>retail-banking-demo-wc3/master-pages</finalUrl></link><link><name>navroot_notinmenu</name><contextItemName>retail-banking-demo-wc3</contextItemName><parentItemName>retail-banking-demo-wc3</parentItemName><createdBy>sys2sys</createdBy><createdTimestamp>2019-03-25T14:27:18+05:30</createdTimestamp><lastModifiedBy>sys2sys</lastModifiedBy><lastModifiedTimestamp>2019-03-25T14:27:18+05:30</lastModifiedTimestamp><hidden>false</hidden><tags/><uuid>ff09930f-89f3-4a67-9106-f653bb172519</uuid><lockState>UNLOCKED</lockState><properties><property name="sectionName" localizable="true" manageable="true" type="string"><value type="string">special-pages</value></property><property name="itemType" manageable="true" type="string"><value type="string">menuHeader</value></property><property name="Description" manageable="true" type="string"><value type="string"></value></property><property name="generatedUrl" manageable="true" type="string"><value type="string">retail-banking-demo-wc3/special-pages</value></property><property name="title" localizable="true" manageable="true" type="string"><value type="string">Special Pages</value></property><property name="order" manageable="true" type="double"><value type="double">20.0</value></property><property name="SecuritySameAsParent" manageable="true" type="boolean"><value type="boolean">true</value></property></properties><children/><finalUrl>retail-banking-demo-wc3/special-pages</finalUrl></link></links><deletedItemRefs/><groups><group><name>approvers</name><role>MANAGER</role></group><group><name>manager</name><role>MANAGER</role></group><group><name>master page designer</name><role>MANAGER</role></group><group><name>user</name><role>USER</role></group><group><name>sys2sys</name><description>Sys2Sys</description><role>SYS2SYS</role></group><group><name>admin</name><description>Admin Group</description><role>ADMIN</role></group></groups><portalContentTypes/><portalContentRepositories><contentRepository><name>portalRepository</name><contextItemName>retail-banking-demo-wc3</contextItemName><createdBy>sys2sys</createdBy><createdTimestamp>2019-03-25T14:27:09+05:30</createdTimestamp><lastModifiedBy>sys2sys</lastModifiedBy><lastModifiedTimestamp>2019-03-25T14:27:09+05:30</lastModifiedTimestamp><hidden>false</hidden><tags/><uuid>b91c78ee-6bd6-4e6a-b716-63713a489ad4</uuid><lockState>UNLOCKED</lockState><properties><property name="Description" manageable="true" type="string"><value type="string">Repository for portal retail-banking-demo-wc3</value></property><property name="generatedContentDir" manageable="true" type="string"><value type="string">/Generated content/</value></property><property name="repositoryId" manageable="true" type="string"><value type="string">d0c957e9-36fc-4e03-b18d-79c85894c761</value></property><property name="title" manageable="true" type="string"><value type="string">retail-banking-demo-wc3 content</value></property></properties><children/></contentRepository></portalContentRepositories></exportBundle>