{	
	"i18n": {
		"COMMON": {
			"BUTTON": {
				"CANCEL": "Cancel assets/i8/en.json",
				"NEXT" : "Next",
				"PREVIOUS" : "Previous",
				"EDIT": "Edit",
				"BUY": "Buy",
				"SELL": "Sell"
			},
			"LABEL": {
				"PRICE": "Price",
				"YES": "Yes",
				"NO": "No",
				"OTHER": "Other"
			},
			"MESSAGES": {
				"NO_RESULTS": "No Results",
				"MATCH_YOUR": "Match Your",
				"SEARCH_CRITERIA": "Search Criteria",
				"MODIFY_AND_TRY_AGAIN":"Please modify it and try again",
				"PLEASE_TYPE": "Please Type",
				"AT_LEAST": "at least {{number}}",
				"CHARACTERS_BEFORE": "characters before",
				"LAUNCHING_THE_SEARCH": "launching the search"
			},
			"NAVIGATION_BUTTON": {
				"Cancel": "Cancel",
				"Control": "Control",
				"Edit": "Edit",
				"Delete": "Delete",
				"Archive": "Archive",
				"Execute": "Execute",
				"Reject": "Reject",
				"Transmit": "Transmit",
				"NewOrder": "New Order",
				"NextStep": "Next Step",
				"AcceptAndExecute": "Accept & Execute",
				"GenerateDocuments": "Generate Documents",
				"SendForExecution": "Send For Execution",
				"SendForValidation": "Send For Validation",
				"TakeOwnership": "Take Ownership",
				"Switch": "Switch"
			}
		},
		"PORTFOLIO_SXORDERING": {
			"INSTRUCTIONS_DETAILS": {
				"TITLE": "Instructions details ",
				"IS_THE_ORDER_INITIATED_BY_THE_CLIENT": "Is the order initiated by the client",
				"RECEIPT_DATE_AND_TIME": "Receipt date and time"
			},
			"ORDER_DETAILS": {
				"TITLE": "Order details",
				"NEW_ORDER_ERROR_MESSAGE": "Not Possibale to create two cash account with same currency",
				"ADVISED": "Advised",
				"ACTION": "Action",
				"OBJECTIVE": "Objective",
				"ROUND_LOT": "Round Lot",
				"CALCULATED_QTY": "Calculated qty",
				"CASH_ACCOUNT": "Cash Account",
				"CURRENCY": "Currency",
				"ISIN": "ISIN",
				"PRC": "PRC",
				"PIU": "PIU",
				"OPERATION_VALUE": "Operation Value",
				"ORDER_NATURE": "Order Nature",
				"ORDER_TYPE": "Order Type",
				"ADVANCED_EXECTION_CRITERIA": "Advanced Execution Criteria",
				"OPERATION": "Operation",
				"EXCHANGE": "Exchange",
				"DEAL": "Deal",
				"DEPOSITARY": "Depositary",
				"FEE_DISCOUNT": "Fee discount",
				"DIVIDEND_POLICY": "Dividend Policy",
				"DEALER_REMARK": "Dealer Remark",
				"OF_NAV": "of NAV",
				"IN_INSTRUMENTS": "In instruments",
				"AVAILABLE_QTY": "Available qty"
			},
			"PRE_TRADE_CHECKS": {
				"TITLE": "Pre-Trade Checks",
				"WARNINGS": {
					"TITLE": "Warnings",
					"PRIIPS": "PRIIPs",
					"PRIIPS_DESCRIPTION": "Your client and the product are in scope of the PRIPs regulation. You need to provide a PRIPs (Key information Document) to your client. Did you provide it?"
				}

			},
			"BUTTON": {
				"NEW_ORDER": "New order"
			},
			"SEARCH": {
				"RESULTS": "Displaying 1-{{totalcount}} of over {{length}} result",
				"SHOW_ALL_RESULTS": "Show all results",
				"ADVANCED_SEARCH": "Advanced Search"
			}
		}
	}
}